{"properties": [
  {
    "name": "eureka.instance.client.serviceUrl.defaultZone",
    "type": "java.lang.String",
    "description": "A description for 'eureka.instance.client.serviceUrl.defaultZone'"
  },
  {
    "name": "eureka.instance.client.serviceUrl.defaultZone",
    "type": "java.lang.String",
    "description": "A description for 'eureka.instance.client.serviceUrl.defaultZone'"
  },
  {
    "name": "eureka.instance.client.serviceUrl.defaultZone",
    "type": "java.lang.String",
    "description": "A description for 'eureka.instance.client.serviceUrl.defaultZone'"
  },
  {
    "name": "eureka.instance.client.serviceUrl.defaultZone",
    "type": "java.lang.String",
    "description": "A description for 'eureka.instance.client.serviceUrl.defaultZone'"
  },
  {
    "name": "eureka.instance.client.serviceUrl.defaultZone",
    "type": "java.lang.String",
    "description": "A description for 'eureka.instance.client.serviceUrl.defaultZone'"
  }
]}