{"properties": [
  {
    "name": "resilience4j.ratelimiter.instances.getMessageRateLimit.limit-for-period",
    "type": "java.lang.String",
    "description": "A description for 'resilience4j.ratelimiter.instances.getMessageRateLimit.limit-for-period'"
  },
  {
    "name": "resilience4j.ratelimiter.instances.getMessageRateLimit.limit-refresh-period",
    "type": "java.lang.String",
    "description": "A description for 'resilience4j.ratelimiter.instances.getMessageRateLimit.limit-refresh-period'"
  },
  {
    "name": "resilience4j.ratelimiter.instances.getMessageRateLimit.timeout-duration",
    "type": "java.lang.String",
    "description": "A description for 'resilience4j.ratelimiter.instances.getMessageRateLimit.timeout-duration'"
  },
  {
    "name": "resilience4j.ratelimiter.instances.getMessageRateLimit.limit-for-period",
    "type": "java.lang.String",
    "description": "A description for 'resilience4j.ratelimiter.instances.getMessageRateLimit.limit-for-period'"
  },
  {
    "name": "resilience4j.ratelimiter.instances.getMessageRateLimit.limit-for-period",
    "type": "java.lang.String",
    "description": "A description for 'resilience4j.ratelimiter.instances.getMessageRateLimit.limit-for-period'"
  }
]}